email;ICO;nazov firmy;popis_firmy;telefon;adresa
kancelaria@magna.org;36061581;MAGNA;Providing medical and social assistance to children and their families in crisis areas around the world. Humanitarian projects.;238104669;Štefánikova 19, 81105 Bratislava;
senecio@senecio.sk;36077518;Dom sociálnych služieb Senecio n.o.;Care for adults and seniors with adverse health conditions.;;Na Grbe 2, 84107 Bratislava
info@usmev.sk;17316537;Spoločnosť priateľov detí z detských domovov Úsmev ako dar;Non-governmental organization for the support of children living in children's homes.;263815208;Ševčenkova 21, 85101 Bratislava
barbora.sekelska(zavináč)notabene.sk;36068781;Proti prúdu;Help and integration of homeless people into society.;252625962;Karpatská 10, 81101 Bratislava
cpf@changenet.sk;31821871;Centrum pre filantropiu, n.o.;Development of donation in Slovakia, implementation of charitable goals.;254644682;Kozia 11, 81103 Bratislava
info@unicef.sk;52147908;Slovenská nadácia pre UNICEF;Specialized UN agency for helping children. Operation of the children's safety hotline.;903770418;Michalská 371/7, 81101 Bratislava
zelajsi@zelajsi.sk;30801176;Želaj si;Non-profit organization fulfilling the secret dreams and wishes of long-term sick children.;;Záhradnícka 18, 90028 Ivanka pri Dunaji
nadejprehaiti@gmail.com;42025940;NÁDEJ PRE HAITI;Non-profit organization, which was founded on the initiative of Father Augustín Vrecko, who spent 20 years as a missionary in Haiti.;3227735166;Pekná cesta 2560/27, 83152 Bratislava
hrl@hrl.sk;31807968;Liga za ľudské práva;Civic association providing free legal aid to asylum seekers and asylum seekers in Slovakia.;918682457;Račianska 80, 83102 Bratislava
naruczachrany@naruczachrany.sk;30856515;NÁRUČ Senior & Junior;Providing assistance to abandoned children and seniors.;903903298;Fedákova 5, 84102 Bratislava
info@cervenynos.sk;30855748;ČERVENÝ NOS Clowndoctors;Association of professional medical clowns. Support for the mental well-being of children in the hospital environment.;220570788;Klenová 8, 83101 Bratislava
info@clovekvohrozeni.sk;50082001;Človek v ohrození, n.o.;Non-profit non-governmental organization focused on helping people in crisis areas of the world.;255422254;Baštová 343/5, 81103 Bratislava
;31781373;Domov pre každého - občianske združenie na podporu a hmotné zaopatrenie ľudí bez domova v SR;Civic association focused on the support and material provision of homeless people.;915849925;Stará Vajnorská 92, 83104 Bratislava
tvrdonova@dakujeme.sk;31808549;Občianske združenie WellGiving;Development of philanthropy in Slovakia. Donor portal.;949428239;Partizánska 3, 81103 Bratislava
martina@dakujeme.sk;31808549;Občianske združenie WellGiving;Development of philanthropy in Slovakia. Donor portal.;907720851;Partizánska 3, 81103 Bratislava
kamila@dakujeme.sk;31808549;Občianske združenie WellGiving;Development of philanthropy in Slovakia. Donor portal.;948064306;Partizánska 3, 81103 Bratislava
shr@shr.sk;17316014;Slovenská humanitná rada;National volunteer center of humanitarian and charitable organizations, civic associations and foundations.;250200500;Budyšínska 1, 83103 Bratislava
kontakt@dobrovolnictvo.sk;30849446;CARDO - Národné dobrovoľnícke centrum;Operation of the volunteer portal. Development of volunteering in Slovakia and abroad.;918987479;Tomašikova 3A, 82101 Bratislava
office@adra.sk;30804850;ADRA - Adventistická agentúra pre pomoc a rozvoj - Občianske združenie;Humanitarian organization of the Seventh-day Adventist Church focused on helping in the social sphere.;910852216;Cablkova 3, 82104 Bratislava
dfsr@dfsr.sk;679755;Detský fond Slovenskej republiky;Independent non-governmental organization with the aim of protecting the rights of children.;243634354;Stavbárska 38, 82107 Bratislava
recepcia@centrummemory.sk;31821791;Centrum MEMORY n.o.;Social services through a specialized day stay for people with Alzheimer's disease.;262414143;Mlynarovičova 21, 85103 Bratislava
info@ludialudom.sk;42166683;ĽUDIA ĽUĎOM, n.o.;Promotion of charity and donation in the interest of the Internet community.;235000567;Borská 6, 84104 Bratislava
domovduha@domovduha.sk;30854865;DOMOV - DÚHA;Provision of social services including accommodation. Crisis center for neglected, abused and abused children and mothers.;245523077;Stavbárska 6, 82107 Bratislava
adriana@vianocnybazarchalanov.sk;42256551;Bazár chalaňov, o.z.;Christmas bazaar - a charitable project created to provide material assistance to the weaker.;;Dobrovského 6, 81108 Bratislava
alexandra.karova@vagus.sk;42185971;OZ Vagus;An association providing social assistance to homeless people directly in the field through the Streetwork project.;949655555;Mýtna 33, 81107 Bratislava
smile4u.sk@gmail.com;42181356;Smile 4U;Humanitarian and charitable assistance to socially disadvantaged citizens, victims of natural disasters and animals in need.;901767363;Ladislava Sáru 2, 84104 Bratislava
libusa.mihalikova@centrum.sk;34074431;Spolok sv. Vincenta de Paul na Slovensku;Združenie dobrovoľníkov - duchovná a hmotná pomoc ľuďom v núdzi (starým, chorým, väzňom, bezdomovcom, utečencom).;911352331;Tomášikova 8A, 82103 Bratislava
nr.svdp@gmail.com;34074431;Spolok sv. Vincenta de Paul na Slovensku;Združenie dobrovoľníkov - duchovná a hmotná pomoc ľuďom v núdzi (starým, chorým, väzňom, bezdomovcom, utečencom).;911352331;Tomášikova 8A, 82103 Bratislava
info@behamepresrdce.sk;51740974;LAMU;Občianske združenie organizujúce charitatívny beh Beháme pre srdce.;;Bazová 53, 90025 Chorvátsky Grob
info@charitasenec.sk;50650041;Charita Senec;Charitatívny spolok sa venuje všetkým ľuďom v Senci a okolí, ktorí potrebujú pomoc.;910842908;Farské námestie 1273/4, 90301 Senec
info@premichala.eu;50042548;Pre Michala, o.z.;Charitatívna činnosť, podpora sociálne slabších rodín a podpora zdravého životného štýlu.;905650352;Novosvetská 1227/40, 81104 Bratislava
vstupte@gmail.com;37924664;Vstúpte, n.o.;Rehabilitačné stredisko, príprava na prácu, chránené bývanie pre občanov so zdravotným aj kombinovaným postihnutím.;347726274;1. mája 15, 90101 Malacky
info@babkyvnemocnici.sk;42180805;Bábky v nemocnici;Občianske združenie organizuje divadelné predstavenia, hry a pesničky pre deti v nemocniciach.;4,20777E+11;Hagarova 2550/19, 83151 Bratislava
savio@savio.sk;30799562;SAVIO o. z.;Rozvojové a humanitárne projekty. Pomoc deťom a mladým ľuďom v Afrike, na Sibíri a v iných menej rozvinutých regiónoch.;255640409;Miletičova 7, 82108 Bratislava
orinart@orinart.sk;30846978;združenie ORIN PANACEA;Charitatívne združenie Ivany Christovej s cieľom spríjemniť a zlepšiť pobyt detí v zdravotníckych zariadeniach.;903427250;Zámocká 8, 81101 Bratislava
bratislava-okolie@redcross.sk;31773257;Slovenský červený kríž, územný spolok Bratislava - okolie;Poskytovanie kurzov prvej pomoci. Opatrovateľské kurzy. Zber oblečenia.;245924273;Pribinova 15, 90301 Senec
rita.carberry@gmail.com;17313457;RESOTY - Resocializačná komunita Antona Srholca;Ubytovňa pre bezdomovcov.;;Pri trati 13, 82106 Bratislava
maria.galikova@dobrotapreafriku.sk;42357454;Dobrota pre Afriku;Občianske združenie zamerané na pomoc a podporu vzdelanosti detí z Kene a Južného Sudánu.;903227594;Bezekova 24, 84102 Bratislava
dusan@labrador.sk;31787355;Slovakia retriever klub;Chovateľský klub. Chov a výcvik retrieverov.;905195385;Štefánikova 10, 81105 Bratislava
dzbspravca@gmail.com;30849667;Diakonické združenie Betánia, účelové zariadenie Cirkvi bratskej v Slovenskej republike;Združenie zamerané na pomoc starým, chorým, osamelým ľuďom.;254435550;Partizánska 6, 81103 Bratislava
zdruzenie.prima.ba@gmail.com;31789650;Občianske združenie Prima;Práca v uliciach pre ľudí, ktorí potrebujú pomoc.;;Hviezdoslavovo nám. 17, 81101 Bratislava
sekretariat@maltezskyrad.sk;30867959;Maltézska pomoc Slovensko;Charitatívna činnosť prostredníctvom svojich dobrovoľníkov.;254131296;Kapitulská 9, 81101 Bratislava
info@orderofmalta.sk;30867959;Maltézska pomoc Slovensko;Charitatívna činnosť prostredníctvom svojich dobrovoľníkov.;254131296;Kapitulská 9, 81101 Bratislava
charita@charitablumental.sk;30799970;Občianske združenie Charita Blumentál Bratislava;Služby psychologickej poradne. Možnosť využitia počítača. Sociálna poradňa.;255562319;Vazovova 8, 81107 Bratislava
bratislava@redcross.sk;584410;Slovenský Červený kríž, územný spolok Bratislava-mesto;Kurzy prvej pomoci, vodnej záchrannej služby a opatrovania. Humanitárne aktivity, darcovstvo krvi a sociálne služby.;903558905;Miletičova 59, 82109 Bratislava
info@amazi.sk;42360986;Amazi;Podpora a realizácia rozvojových, misijných a humanitárnych projektov prevažne v Afrike.;915641387;Sološnická 20, 84104 Bratislava
stopa.slovensko@gmail.com;42446341;Občianske združenie STOPA Slovensko;Integračné centrum pre ľudí bez domova. Pomoc sociálne vylúčeným skupinám obyvateľstva.;948139382;Pražská 33, 81104 Bratislava
iwc@iwc.sk;30811309;Medzinárodný klub žien v Bratislave;Propagácia priateľstva a porozumenia, tvorba priestoru pre pozannie iných kultúr. Organizovanie charitatívnych akcií.;;Hodžovo nám. 2, 81106 Bratislava
charity@iwc.sk;30811309;Medzinárodný klub žien v Bratislave;Propagácia priateľstva a porozumenia, tvorba priestoru pre pozannie iných kultúr. Organizovanie charitatívnych akcií.;;Hodžovo nám. 2, 81106 Bratislava
riaditel@detskydomovbratislava.sk;31746659;Centrum pre deti a rodiny Bratislava - Učiteľská;Detský domov rodinného typu.;245 248 580;Učitel'ská 42, 82106 Bratislava
dedrohoznik@gmail.com;42353092;Domov detí sv. Antona o.z.;Neštátny detský domov rodinného typu.;905 852 351;Pri potoku 45/3, 90638 Rohožník
riaditel@dednadej.sk;180271;Centrum pre deti a rodiny Bernolákovo;Detský domov Nádej.;905 947 252;Trnavská 62, 90027 Bernolákovo
posta@cdrba-rontgenova.sk;31753485;Centrum pre deti a rodiny Bratislava - Röntgenova;Detský domov.;267 209 400;Röntgenova 6, 85101 Bratislava
riaditel@dedharmonia.sk;163261;Centrum pre deti a rodiny Pezinok;Detský domov Harmónia.;332 433 032;Nová ul.č. 9, 90203 Pezinok
pkv@netax.sk;17336236;Poliklinika Karlova Ves Bratislava;Zoznam ambulancií a kontakty na jednotlivé pracoviská, informácie.;260 264 111;Líščie údolie 57, 84104 Bratislava
info@probios.sk;31392946;Pro Bios spol. s r.o. neštátna poliklinika;Všeobecná a špecializovaná ambulantná zdravotná starostlivosť.;255 566 134;Ružová dolina 21, 82109 Bratislava
sekretariat@snop.sk;36077739;Špecializovaná nemocnica pre ortopedickú protetiku Bratislava, n.o.;Poskytovateľ ambulantnej, ústavnej, rehabilitačnej a sociálno-poradenskej starostlivosti.;250 116 111;Záhradnícka 42, 82108 Bratislava
info@procare.sk;35890568;ProCare, a.s.;Sieť polikliník a nemocníc, ktoré patria do skupiny Penta Hospitals International. Pracovná zdravotná služba.;850 888 999;Einsteinova 23-25, 85101 Bratislava
info@nusch.sk;35971126;Národný ústav srdcových a cievnych chorôb, a.s.;Podrobné informácie o ústave a poskytovaných službách, pracoviská, mapa.;259 320 111;Pod Krásnou hôrkou 1, 83101 Bratislava
sekretariat@nudch.eu;607231;Národný ústav detských chorôb;Nemocnica s poliklinikou, organizačná štruktúra, administratíva, informácie.;259 371 111;Limbová 1, 83101 Bratislava
info@nudch.eu;607231;Národný ústav detských chorôb;Nemocnica s poliklinikou, organizačná štruktúra, administratíva, informácie.;259 371 111;Limbová 1, 83101 Bratislava
sekretariat@rpas.sk;35914793;Ružinovská poliklinika, a.s.;Poskytovanie všeobecnej aj špecializovanej zdravotnej starostlivosti.;248 279 111;Ružinovská 10, 82007 Bratislava
sekretariat@hedak.sk;35769971;HEDAK, a.s.;Poliklinika Mýtna - ambulancie, ich zameranie, lekári, konkrétne ponuky zdravotných služieb, ordinačné hodiny.;257 786 200;Mýtna 5, 81105 Bratislava
info@nou.sk;165336;Národný onkologický ústav v Bratislave;Základné informácie pre pacientov, oddelenia a ich profily, ambulancie, administratíva, lekári.;259 378 111;Klenová 1, 83101 Bratislava
ousa@ousa.sk;3568146;Onkologický ústav sv. Alžbety, s.r.o.;Moderné neštátne zdravotnícke zariadenie, ktoré vykonáva komplexnú onkologickú starostlivosť pre pacientov z celej SR.;232 249 111;Heydukova 10, 81108 Bratislava
info@mdclinic.sk;44571747;MDclinic a.s.;Komplexná zdravotná starostlivosť v poliklinikách a rehabilitačných centrách. Kurzy prvej pomoci a PZS.;220 868 777;Radlinského 27, 81107 Bratislava
recepcia@hippokrates.sk;35683856;Súkromné zdravotnícke centrum Hippokrates, spol. s r.o.;Komplexné možnosti rehabilitácie. Kompletná diagnostika. Neurologická a psychologická ambulancia.;259 204 200;Šulekova 20, 81103 Bratislava
info@sustekova.sk;35892200;Poliklinika Šustekova, s.r.o.;Správa a prevádzka Polikliniky Šustekova. Ambulancie, prenájom nebytových priestorov.;262 411 233;Šustekova 2, 85104 Bratislava
info@cudzokrajne.sk;35870940;Zama, s.r.o.;Poliklinika cudzokrajných chorôb. Očkovanie cestovateľov, konzultácie pred pobytom v trópoch, diagnostika nákaz.;252 925 688;Americké námestie 3, 81108 Bratislava
info@dkc-sr.sk;35971126;Národný ústav srdcových a cievnych chorôb, a.s., Detské kardiocentrum;Detské kardiocentrum na Kramároch, kardiológia, kardiochirurgia, informácie.;259 320 111;Pod Krásnou hôrkou č. 1, 83101 Bratislava
info@poliklinika-vajnorska.sk;31375979;Next s.r.o.;Prevádzkovanie polikliniky pre deti, dorast a dospelých.;244 258 006;Vajnorská 40, 83103 Bratislava
office@sportmed.sk;35870281;Sportmed, s.r.o.;Komplexné zdravotnícke zabezpečenie športovcov. Neštátne zdravotnícke zariadenie.;902 901 032;Šancová 110, 83104 Bratislava
recepcia@klinikamd.sk;47236311;MEDICÍNSKE ZARIADENIE MLYNSKÁ DOLINA, s. r. o.;Neštátna poliklinika Mlynská Dolina.;232 313 020;Staré Grunty 56, 84104 Bratislava
agelclinic@agelclinic.sk;51104776;AGELA s.r.o.;Nemocnica zameraná na poruchy pohybového ústrojenstva a športovú medicínu. Jednodňová chirurgia.;248 252 300;Jelačičova 8, 82108 Bratislava
ortoped@ortoped.sk;35873272;clinica orthopedica, s.r.o.;Špecializácia na všetky ochorenia pohybového aparátu dospelých pacientov.;917 620 620;Nevädzová 6, 82101 Bratislava
dkralovstvo@gmail.com;36617041;Detské kráľovstvo s.r.o.;;902 088 656;Zvolenská 23, 81102 Bratislava
info@zsriazanska.sk;31768873;Základná škola s materskou školou;Základná škola s materskou školou všeobecného zamerania.;244 253 122;Riazanská 75, 83103 Bratislava
riaditel@ms-sulekova.sk;30791863;Materská škola, Šulekova 35, Bratislava;Materská škola, predškolská výchova detí.;254 415 585;Šulekova 35, 81103 Bratislava
info@babyland-centrum.sk;40646149;1. Súkromné Opatrovateľské centrum BABYLAND - Mgr. Jana Kamenská;Materská škola s anglickým jazykom. Opatrovateľská služba pre deti, denné, víkendové a letné jazykové kurzy pre deti.;908 414 091;Nobelovo námestie 6, 85101 Bratislava
martina@stromcek.sk;36825590;BÄUMCHEN - STROMČEK s.r.o.;Detské centrum zamerané na opateru a pedagogiku detí. Organizovanie výletov, večerná škôlka, prednášky a posedenia.;907 824 857;Matúšová 10, 81104 Bratislava
skolkalimba@gmail.com;30848440;LIMBA;Materská škola rodinného typu. AJ, NJ, Montessori. Vzdelávanie zábavnou formou, vychádzky v prírode, vegetariánska strava.;904 567 609;Horský park, 81104 Bratislava
admissions@brilliantstars.sk;42126401;Súkromná materská škola, Vavilovova 18, 85101 Bratislava;Materská škola. Výchovno-vzdelávacie zariadenie pre deti predškolského veku.;262 414 292;Vavilovova 18, 85101 Bratislava
mshorova@centrum.sk;31809006;Materská škola, Pavla Horova 3, Bratislava;Materská škola – starostlivosť o deti v predškolskom veku.;264 779 152;Pavla Horova 3, 84108 Bratislava
msplickova@gmail.com;42133980;Materská škola, Plickova 16, 83106 Bratislava 35;Materská škola. Vzdelávacie a výchovné zariadenie.;244 882 464;Plickova 16, 83106 Bratislava
heyrovskeho@dietkykvietky.sk;42170923;Materská škola, Heyrovského 4, Bratislava;Materská škola – starostlivosť o deti v predškolskom veku.;264 360 389;Heyrovského 4, 84103 Bratislava
malokarpatskenam@dietkykvietky.sk;42170923;Materská škola, Heyrovského 4, Bratislava;Materská škola – starostlivosť o deti v predškolskom veku.;264 360 389;Heyrovského 4, 84103 Bratislava
msbaronka@gmail.com;30794986;Materská škola, Barónka 17, 83106 Bratislava;Materská škola. Starostlivosť o deti v predškolskom veku.;244 886 224;Barónka 17, 83106 Bratislava
msbaronka@msbaronka.sk;30794986;Materská škola, Barónka 17, 83106 Bratislava;Materská škola. Starostlivosť o deti v predškolskom veku.;244 886 224;Barónka 17, 83106 Bratislava
msgalbaveho@gmail.com;264 364 961;Mestská časť Bratislava - Dúbravka, Materská škola Galbavého 5;Prevádzka materskej školy pre deti od 2,5 do 6 rokov.;;Galbavého 5, 84101 Bratislava
mspifflova@strediskoskole.sk;42173132;Občianske združenie Slniečko pri MŠ Pifflova;7-triedna materská škola s jednou triedou pre deti s diagnózami celiakia, diabetes, fenylketonúria, intolerancia laktóz.;262 241 844;Pifflova 10, 85101 Bratislava
mspodrovnicami@gmail.com;42181518;Rodičia a priatelia MŠ Pod Rovnicami 1 - občianske združenie;Štvortriedna materská škola pre deti od 3 do 6 rokov a deti s odloženou povinnou školskou dochádzkou.;265 420 908;Pod Rovnicami 1, 84104 Bratislava
cirkevnamaterskaskola@chello.sk;31797300;Cirkevná materská škola Márie Mazzarellovej v Bratislave;Výchovno-vzdelávacia činnosť v duchu evanjelických hodnôt.;262 319 942;Lachova 33, 85103 Bratislava
office@mskameliova.sk;31787037;Materská škola;Materská škola pre deti od 2,5 do 6 rokov vo Vrakuni.;245 245 962;Kaméliová 10, 82107 Bratislava
zsjarovce@gmail.com;31754945;Základná škola s materskou školou Trnková 1, 851 10 Bratislava - Jarovce;Základné vzdelávanie detí od predškolského veku.;262 860 332;Trnková 1, 85110 Bratislava
riaditel@borodacova.sk;52848094;Základná škola s materskou školou, Borodáčova 2, Bratislava;Základná škola s materskou školou. Informácie pre rodičov a žiakov.;243 630 904;Borodáčova 3113/ 2, 82103 Bratislava
zsrusovce@zsrusovce.sk;31781845;Základná škola s materskou školou Vývojová 228 Bratislava - Rusovce;Informácie o škole, aktivity, učiteľský zbor, žiaci, projekty, kontakty.;262 859 124;Vývojová 228, 85110 Bratislava
skola@zakasarnou.sk;31768989;Základná škola s materskou školou, Za kasárňou 2, Bratislava-Nové Mesto;Výchova a vzdelávanie detí.;244 250 803;Za kasárňou 2, 83103 Bratislava
info@speakandlearn.sk;47512792;SpeakAndLearn s.r.o.;Materská škola s anglickým komunikačným jazykom. Ponuka jazykových letných táborov.;903 846 519;Tomášikova 8A, 82103 Bratislava
saliniova@zsjeseniovaba.edu.sk;31810527;Základná škola s materskou školou;Prezentácia základnej školy s materskou školou, program pre deti aj po vyučovaní.;254 654 594;Jeséniova 54, 83101 Bratislava
timravina@timravina.sk;30791871;Materská škola, Timravina 6, Bratislava;Predškolská starostlivosť o deti. Materská škola.;254 414 323;Timravina 8, 81106 Bratislava
info@mskrokzakrokom.sk;54289262;Krok za krokom s.r.o.;Súkromná materská škôlka pre deti od 2,5 roka do 5 rokov.;911 498 255;Royova 7, 83101 Bratislava
info@skolka-lienka.sk;43902910;RAMAT PLUS, s. r. o.;Škôlka a detské jasle Lienka. Individuálny rozvoj dieťaťa s prihliadnutím na jeho naturel, rozvíjanie slabších stránok.;903 763 765;Gorazdova 11, 81104 Bratislava
skolka@malisampioni.sk;50248235;LITTLE CHAMPIONS - MALÍ ŠAMPIÓNI, s.r.o.;Materská škola a jasle so širokým športovým zameraním, garantmi prípravy a s prvkami montessori pedagogiky.;907 407 885;Jadrová 4, 82104 Bratislava
velehradskams@gmail.com;30848806;Materská škola;Predškolská starostlivosť o deti. Materská škola.;255 969 632;Velehradská 24, 82108 Bratislava
info@montessori.sk;30804663;Súkromná základná škola s materskou školou, Zlatohorská 18;Vzdelávanie metódou Montessori.;911 542 039;Zlatohorská 18, 84103 Bratislava
maternelle.skolka@gmail.com;46112839;Maternelle s. r. o.;Súkromná materská škola v Ružinove.;944 476 202;Peterská 4, 82103 Bratislava
info@msgelnicka.sk;36063991;Materská škola, Gelnická 34, Bratislava;Výchovná inštitúcia zameraná na výchovu a vzdelávanie detí.;244 887 595;Gelnická 34, 83106 Bratislava
skolka@msstonozka.sk;36063983;Materská škola;Materská škola, predškolská výchova detí.;911 940 648;Pri Šajbách 14, 83106 Bratislava
skola@zsodborba.edu.sk;31785204;Základná škola s materskou školou;Základná škola s materskou školou. Informácie pre rodičov a žiakov.;249 202 611;Odborárska 2, 83102 Bratislava
sibirska@sibirska.sk;31785221;Základná škola s materskou školou;Základná škola s materskou školou. Informácie pre rodičov a žiakov.;244 253 786;Sibírska 39, 83102 Bratislava
vedenie@zscadrova.sk;31785212;Základná škola s materskou školou;Prezentácia školy, žiakov a vyučujúcich.;220 275 595;Cádrova 23, 83101 Bratislava
info@mskola.sk;31786995;Materská škola;Materská škola. Vzdelávacie a výchovné zariadenie.;253 412 435;Miletičova 37, 82109 Bratislava
astrova@zoznam.sk;30848822;Materská škola;Materská škola. Informácie, fotogaléria.;243 293 643;Astrova 760, 82101 Bratislava
infocentrum@uniba.sk;397865;Univerzita Komenského v Bratislave;Hlavná stránka Univerzity Komenského v Bratislave.;290 109 986;Šafárikovo námestie 6, 81806 Bratislava
public@stuba.sk;397687;Slovenská technická univerzita v Bratislave;Poslanie univerzity, história, vývoj, organizačná štruktúra, informácie o štúdiu, vedecko-výskumná činnosť a iné.;917 669 586;Vazovova 5, 81243 Bratislava
komunikacia@euba.sk;399957;Ekonomická univerzita v Bratislave;Komplexné a ucelené vzdelávanie v ekonomických a manažérskych študijných programoch.;267 295 356;Dolnozemská cesta 1, 85235 Bratislava
rektorat@vsmu.sk;397431;Vysoká škola múzických umení v Bratislave;Informácie o možnostiach štúdia, fakulty, aktuality.;259 301 411;Ventúrska 3, 81301 Bratislava
gurova@vsvu.sk;157805;Vysoká škola výtvarných umení v Bratislave;Aktuálne informácie o škole, štúdiu, katedrách a ich programoch.;259 428 500;Hviezdoslavovo námestie 18, 81437 Bratislava
info@selyeuni.sk;37961632;Univerzita J. Selyeho;Informácie o univerzite, jednotlivých fakultách a živote na univerzite.;353 260 848;Bratislavská cesta 3322, 94501 Komárno
ddraca@ddraca.sk;30804191;Domov sociálnych služieb a zariadenie pre seniorov Rača;Domov sociálnych služieb a zariadenie pre seniorov. Celoročné komplexné služby pre dôchodcov.;244 887 122;Pri vinohradoch 267, 83106 Bratislava
info@seniorville.sk;37924168;Harmónia života, n.o.;Seniorville - domov dôchodcov a domov sociálnej starostlivosti, ktorý ponúka vyšší štandard sociálnych služieb.;259 305 000;Palisády 33, 81106 Bratislava
referent@ddpazitkova.sk;226840;Domov dôchodcov;Starostlivosť o seniorov, domov dôchodcov. Opatrovateľská služba v domácnosti.;243 339 045;Pažitková 2, 82101 Bratislava
dsarcha@dsarcha.sk;30779278;Domov seniorov ARCHA;Starostlivosť o seniorov na dennej báze.;254 773 642;Rozvodná 25, 83101 Bratislava
info@rdssklenarova.sk;510173;Ružinovský domov seniorov;Poskytovanie služieb seniorom v domove dôchodcov.;253 480 211;Sklenárova 14, 82109 Bratislava
administrativa@senior-centrum.sk;42133661;Seniorcentrum Staré Mesto;Poskytovanie sociálnych služieb pre seniorov.;914 355 640;Podjavorinskej 6, 81103 Bratislava
domseniorovrudi@gmail.com;45740682;Dom Seniorov Rudi n.o.;Poskytovanie sociálnych služieb starým ľuďom. Zariadenie je špecializované pre pacientov s Parkinsonovou chorobou.;911 668 852;Odbojárov 3, 83104 Bratislava
seniorcity@seniorcity.sk;45629943;1. Senior city, a. s.;Domov pre seniorov v obci Blatná na Ostrove. Ponuka dlhodobého aj krátkodobého ubytovania.;904 636 363;Pribinova 4, 82109 Bratislava
evito.riaditel@gmail.com;42253560;EVITO;Zariadenie pre seniorov Penzión Steffi. Komplexná zdravotná starostlivosť pre seniorov.;918 957 019;Prúdová 14, 82105 Bratislava
primula@primulano.sk;45732582;PRIMULA - Stredisko sociálnych služieb, n.o.;Poskytovanie ústavnej starostlivosti pre ľudí v zrelom a dôchodkovom veku.;240 202 617;Nákovná 44, 82106 Bratislava
dtv@dtv.sk;30842344;Dom tretieho veku;Zariadenie pre seniorov. Celoročná pobytová sociálna služba.;232 333 600;Poloreckého 2, 85104 Bratislava
hestia@hestia.sk;36077313;HESTIA n.o.;Poskytovateľ sociálnych služieb. Špecializované zariadenie pre seniorov s ľahším i ťažším zdravotným postihnutím.;264 463 485;Bošániho č. 1805/2, 84102 Bratislava
dslamac@gmail.com;896276;Domov seniorov Lamač;Zariadenie pre seniorov a domov sociálnych služieb.;264 781 054;Na barine 5, 84103 Bratislava
gerionsk@gmail.com;31864180;Lendel Juraj, MUDr.;Zariadenie pre seniorov a zariadenie opatrovateľskej služby Gerion. Starostlivosť aj o imobilných dôchodcov.;245 529 811;Námestie rodiny 1, 84106 Bratislava
domov@domovprikrizi.sk;641405;Domov pri kríži;Sociálne služby pre seniorov s celoročným pobytom.;264 283 259;Pri kríži 26, 84102 Bratislava
tajomnik@bilgym.sk;30848008;Bilingválne gymnázium C.S. Lewisa;Gymnázium;907 115 967;Haanova 28, 85104 Bratislava
info@ssg.sk;30805473;Súkromné gymnázium;Gymnázium;245 640 011;Vážska 32, 82107 Bratislava
gymhron@gymhron.sk;17337097;Gymnázium Federica Garcíu Lorcu;Gymnázium;245 242 585;Hronská 3, 82107 Bratislava
vedenie@vazka.sk;17337046;Gymnázium Jána Papánka;Gymnázium;257 789 825;Vazovova 6, 81107 Bratislava
riaditel@ursula.sk;30807930;Gymnázium sv. Uršule;Gymnázium;948 544 327;Nedbalova 6, 81101 Bratislava
sgm@sgm.sk;30843201;Súkromné gymnázium Mercury;Gymnázium;0903 89 28 77;Zadunajská 27, 85000 Bratislava
skolasvr@gmail.com;42178941;Spojená škola Svätej Rodiny;Gymnázium;263 451 622;Gercenova 10, 85101 Bratislava
info@sgesprit.sk;30797969;Súkromné gymnázium Esprit;Gymnázium;262 250 903;Majerníkova 62, 84105 Bratislava
info@1sg.sk;17326192;Výchovno-vzdelávacie združenie;Gymnázium;250 204 611;Bajkalská 20, 82108 Bratislava
gymnazium.alexia@gmail.com;17318840;Gymnázium Matky Alexie;Gymnázium;254 433 694;Jesenského 4/A, 81102 Bratislava
ucitel@gymmo.edu.sk;17050197;Gymnázium Karola Štúra;Gymnázium;336 472 576;Námestie slobody 5, 90001 Modra
evlyceum@evlyceum.sk;17327164;Evanjelické lýceum;Gymnázium;263 838 488;Vranovská 2, 85102 Bratislava
gabsenec@svsba.sk;160326;Gymnázium Antona Bernoláka;Gymnázium;245 923 261;Lichnerova 69, 90301 Senec
riaditel@gymsenpk.edu.sk;17050201;Gymnázium;Gymnázium;336 412 252;Senecká 2, 90201 Pezinok
gym.malacky@region-bsk.sk;160229;Gymnázium;Gymnázium;347 722 469;1. mája 8, 90101 Malacky
tajomnicka@svfrantisek.sk;42176182;Spojená škola sv. Františka z Assisi;Gymnázium;265 424 043;Karloveská 32, 84104 Bratislava
info@galileoschool.sk;35893991;GALILEO SCHOOL, s.r.o.;Gymnázium;905 351 775;Dudvážska 6, 82107 Bratislava
office@gmet.sk;42262488;Gymnázium, Metodova 2;Gymnázium;250 102 412;Metodova 2, 82108 Bratislava
riaditel@gyzastupca@gymls.edu.sk\ntajomnik@gymls.edu.skmls.edu.sk;17337054;Gymnázium;Gymnázium;269 307 703;Ladislava Sáru 1, 84104 Bratislava
gaudeamus@dudva.sk;31377491;Gaudeamus, s.r.o.;Gymnázium;245 520 983;Dudvážska 6, 82107 Bratislava
skola@horvatha.sk;17337062;Gymnázium Ivana Horvátha;Gymnázium;243 413 069;I. Horvátha 14, 82103 Bratislava
skola@gympaba.sk;30778956;Gymnázium;Gymnázium;262 312 706;Pankúchova 6, 85104 Bratislava
sekretariat@lasalle.sk;42258120;Spojená škola de La Salle;Gymnázium;244 881 705;Čachtická 14, 83106 Bratislava
riaditelstvo@gamca.sk;17337101;Gymnázium, Grösslingová 18, Bratislava;Gymnázium;252 963 097;Grösslingová 18, 81109 Bratislava
bsu@bsu-bratislava.com;31801722;Súkromná bulharská základná škola, Záporožská č. 8, Bratislava a Súkromné bulharské gymnázium Christa Boteva, Záporožská č. 8, Bratislava;Gymnázium;911 126 644;Záporožská 8, 85101 Bratislava
kbnm@kbnm.sk;226866;Knižnica Bratislava Nové Mesto;Knižnično - informačné služby, nové knihy, časopisy. Oddelenia: odborné, beletria, pre deti a mládež, čitáreň.;244 253 985;Pionierska 12, 83102 Bratislava
studovna@nczisk.sk;;Národné centrum zdravotníckych informácií, Slovenská lekárska knižnica;Knižničné služby. Študovňa.;257 269 703;Lazaretská 26, 81109 Bratislava
gaburjakova@kniznicapetrzalka.sk;260355;Miestna knižnica Petržalka;Knižničné a informačné služby.;262 250 232;Kutlíkova 17, 85102 Bratislava
huska@kniznicapetrzalka.sk;260355;Miestna knižnica Petržalka;Knižničné a informačné služby.;02 625 204 16;Kutlíkova 17, 85102 Bratislava
riaditelka@istracentrum.sk;30810493;Istra centrum;Prevádzkovanie centra voľného času, kultúrneho domu a knižnice.;264 360 045;Hradištná 43, 84107 Bratislava
kniznica@kniznica-ruzinov.sk;226815;Knižnica Ružinov;Univerzálna, všeobecná knižnica určená pre všetky vekové, sociálne a profesijné skupiny.;244 454 704;Tomášikova 25, 82101 Bratislava
kniznica@flaw.uniba.sk;;Univerzita Komenského v Bratislave, Knižnica Právnickej fakulty UK;Knižničné služby. Študovňa.;290 129 213;Šafárikovo nám. 6, 81000 Bratislava
navrat@navrat.sk;;Návrat;Pomoc opusteným deťom pri hľadaní rodiny, záujemcom o náhradné rodičovstvo a náhradným rodičom. Iniciovanie zmien v sociálnom systéme.;02 / 524 443 61;Pluhová 1, 831 03 Bratislava
jozefinum@gmail.com;;Občianske združenie - DOBROTA SV. ALŽBETY;Občianske združenie prevádzkujúce zariadenie sociálnej služby pobytovou formou.;902 804 245;Pod Brehmi 4/A, 841 03 Bratislava
info@domusbene.sk;;DOMUS BENE - DOM DOBRA, o.z.;Domov sociálnych služieb - ubytovanie v 1 alebo 2-lôžkových izbách so samostatnou kúpeľňou a WC, poskytovanie ošetrovateľskej a zdravotnej starostlivosti, voľnočasové aktivity.;02 / 459 229 22;Slnečné jazerá – Juh 2238, 903 01 Senec
svetprevsetkych@gmail.com;;Sociálno - ekologické hnutie Svet pre Všetkých;Sociálno - ekologické hnutie Svet pre všetkých - realizácia projektov na pomoc ľuďom, zvieratám, prírode, zbierky a petície, súťaže a akcie.;;Vilová 6, 851 01 Bratislava
info@hospic-slnecnica.sk;;Občianske združenie - SLNEČNICA Slovensko;Poskytovanie služieb starým, chorým a ľuďom v núdzi. Opatrovateľská, ošetrovateľská a hospicová starostlivosť v domácom prostredí pacienta. Požičovňa zdravotníckych pomôcok.;915 290 304;Svätovojtešská 40, 831 03 Bratislava
info@provida.sk;;PRO VIDA;Pomoc znevýhodneným ľuďom a ľuďom zo sociálne slabších skupín pri integrácii do pracovného a spoločenského života.;;Štúrova 3, 831 01 Bratislava
info@mladezulice.sk;;Mládež ulice;Zlepšovanie kvality života detí a mládeže zo sociálne znevýhodneného prostredia, pomoc deťom budovať základy pre plnohodnotný život.;903 184 253;Cyprichova 22, 831 54 Bratislava
malaika@integra.sk;;Malaika;Občianske združenie zamerané na pomoc biednym a opusteným deťom v Afrike.;02 / 572 035 18;Dobšinského 14, 811 05 Bratislava
martina.utesena@gmail.com;;Dvojfarebný svet;Pomoc deťom v rozvojových krajinách a na Slovensku, vytvorenie prijateľných zdravotných a sociálnych podmienok.;;Opletalova 84, 841 07 Bratislava
direktor@savio.sk;;SAVIO o. z.;Občianske združenie, ktoré pomáha v núdzi ohrozeným deťom a mladým ľuďom v málo rozvinutých krajinách a regiónoch.;910 123 579;Miletičova 7, 821 08 Bratislava
betania.partizanska@gmail.com;;Diakonické združenie Betánia;Účelové zariadenie Cirkvi bratskej Betánia. Opatrovateľská služba - terénna sociálna služba, ktorá je poskytovaná občanom v ich prirodzenom sociálnom prostredí. Je určená pre starších ľudí.;02 / 544 355 50;Partizánska 6, 811 03 Bratislava
dcpredeti@dcpredeti.sk;;Diagnostické centrum pre deti;Občianske združenie na pomoc deťom a mladým ľuďom do 18 rokov, ktorí žijú kratší alebo dlhší čas na ulici.;02 / 433 382 28;Slovinská 1, 821 04 Bratislava
samaria.centrum@gmail.com;;Občianske združenie SAMARIA;Dobrovoľnícke združenie, ktorého cieľom je adresne, konkrétne a účinne pomáhať a vytvárať priestor na pomoc ľuďom v kríze.;911 132 828;Železničná č. 2, 920 01 Hlohovec
modryanjel@modryanjel.sk;;Modrý anjel - Tím krízovej intervencie n. o.;Špecializovaný tím zameraný na zmierňovanie a likvidáciu následkov krízových situácií v akútnej fáze po mimoriadnej udalosti.;944 171 272;Klincová 2136/35, 821 08 Bratislava
magnificat@stonline.sk;;Magnificat Slovakia o.z.;Občianske združenie - zakladanie modlitbových skupín, pomoc sociálne a zdravotne postihnutým, charitatívna činnosť.;02 / 526 210 33;Belinského 24, 851 01 Bratislava
oznalade@oznalade.sk;;OZ Na ľade;Občianske združenie. Podpora športových aktivít sociálne znevýhodnených detí.;;Stavbárska 54, 82107 Bratislava
senior@alzbetindom.sk;;ALŽBETIN DOM, o.z.;Základné sociálne poradenstvo, pomoc pri odkázanosti fyzickej osoby na pomoc inej fyzickej osoby, sociálna rehabilitácia, ošetrovateľská starostlivosť. Ubytovanie a stravovanie.;02 / 455 294 51;Slnečné jazerá - juh č. 2765/438, 903 01 Senec
info@footprintsinthesand.sk;;Footprints in the sand;Občianske združenie na pomoc matkám a ich deťom v krajinách tretieho sveta. Podpora vzdelávania, ochrana zdravia, charitatívna pomoc.;949 770 185;Záleská 10, 90045 Malinovo
m.bednarikova@missionlife.sk;;OZ Mission Life;Občianske združenie. Pomoc mladým ľuďom z detských domovov, deťom zo sociálne slabších rodín a pomoc rodinám v núdzi.;;Zelená 2, 811 01 Bratislava
activus@activus.sk;;ACTIVUS, občianske združenie;Pomoc zdravotne, sociálne a inak znevýhodneným jednotlivcom pri ich uplatňovaní sa na trhu práce.;903 556 237;Osadná 16, 831 03 Bratislava-Nové Mesto
ozdetidunaja@gmail.com;;Občianske združenie - Deti Dunaja;Humánna podpora opustených, týraných a postihnutých detí. Kultúrne podujatia a aktivity pre deti - tematické tvorivé ateliéry, letné tvorivé dielne, bábkové divadlo.;917 177 156;Škultétyho 1, 831 03 Bratislava
info@kmotricky.sk;;Šanca pre nechcených;Občianske združenie starajúce sa o nechcené a odložené deti. Poskytovanie pomoci opusteným matkám v krízových situáciách a zaopatrovanie odkázaných seniorov.;02 / 644 612 34;Fedákova 5, 841 01 Bratislava
pribehy@ozmedzinami.sk;;Občianske združenie Medzi nami;Pomoc ľuďom a rodinám v núdzi, sociálne slabším rodinám a rodinám so zdravotne postihnutým členom na preklenutie problémov. Spolupráca s časopisom Nota Bene.;905 240 389;Gercenova 2, 851 01 Bratislava
neos@bjb.sk;;Občianske združenie NEOS;Pomoc v aktivitách na rozvoj a budovanie medziľudských vzťahov, vzájomnú pomoc a solidaritu medzi ľuďmi, riešenie sociálnych a spoločenských problémov v duchu kresťanských hodnôt.;911 447 171;Černyševského 9, 851 01 Bratislava
info@ozsvetluska.sk;;Občianské združenie SVETLUŠKA;Podpora a pomoc sociálne slabším skupinám a útulkom pre zvieratá. Spoločenské, kultúrne a športové podujatia. Rehabilitačno-rekreačné pobyty pre deti. Liečba mentálnych postihov.;;Trnavská 100, 82009 Bratislava
charitas.budmerice@gmail.com;;Charitas Budmerice, o.z.;Charitatívna činnosť, sociálna pomoc, organizovanie zbierok šatstva, obuvi, potravín a nábytku.;915 437 485;J.Holčeka 37, 900 86 Budmerice
deti.patria.rodicom@gmail.com;;Občianske združenie Deti patria rodičom;Občianske združenie s cieľom pomáhať rodinám, ktorým boli sociálnymi službami neprávom odobraté deti, pomoc týraným matkám, žijúcim v zahraničí.;949 656 490;Romanova 5, 851 02 Bratislava-Petržalka
ozpinus@ozpinus.sk;;Pinus, o.z.;Občianske združenie s cieľom pomôcť zdravotne a duševne postihnutým osobám.;903 603 903;Jašíkova 24, 821 03 Bratislava
ba@centrumbasic.sk;36077895;Študijné centrum BASIC, n.o.;Doučovanie čítania, písania, slovenskej gramatiky a matematiky pre deti aj dospelých. Semináre a kurzy o učení.;905 462 885;Lazaretská 23, 81109 Bratislava
ozmajmesrdce@gmail.com;;;Majme Srdce;;Budatínska 3230/16 851 06 Bratislava - mestská časť Petržalka
utulok@slobodazvierat.sk;;SLOBODA ZVIERAT - útulok;;421216187;Pod brehmi 1/a 84101 Bratislava IV
upsejmatere@gmail.com;;U psej matere;Útulky pre psov a iné zvieratá v Pezinku;4,21906E+11;Holubyho 83 90201 Pezinok
riaditel@zsdrienova.sk;17337631;Základná škola, Drieňová 16, Bratislava;Základná škola;243 631 774;Drieňová 16, 82103 Bratislava
skola@spmndag.sk;31787088;Základná škola, Teplická 7, Bratislava;Základná škola;244 253 892;Teplická 7, 83102 Bratislava
szs@paneuroszs.sk;31789188;Základná škola, Ružová dolina 29, Bratislava;Základná škola;253 412 593;Ružová dolina 29, 82109 Bratislava
intelekt@intelekt.sk;30866952;Základná škola, Znievska 2, Bratislava;Základná škola;903 382 064;Znievska 2, 85106 Bratislava
zsmh@zsmh.sk;31810969;Základná škola, Škarniclova 1, Bratislava;Základná škola;254 411 323;Škarniclova 1, 81101 Bratislava
zsadubceka@centrum.sk;31780504;Základná škola, Majerníkova 62, Bratislava;Základná škola;265 444 864;Majerníkova 62, 84105 Bratislava
ba@iwaldorf.sk;36069833;Základná škola, Vihorlatská 10, Bratislava;Základná škola;244 642 604;Vihorlatská 10, 83104 Bratislava
zsvrutocka@pobox.sk;31780831;Základná škola, Vrútocká 58, Bratislava;Základná škola;243 293 722;Vrútocká 58, 82104 Bratislava
skola@zssokolikova.sk;36071021;Základná škola, Sokolíkova 2, Bratislava;Základná škola;264 282 404;Sokolíkova 2, 84101 Bratislava
sekretariat.zsbielba@gmail.com;31780741;Základná škola, Bieloruská 1, Bratislava;Základná škola;245 246 141;Bieloruská 1, 82106 Bratislava
webmaster.zsraba@gmail.com;31780717;Základná škola, Rajčianska 3, Bratislava;Základná škola;245 242 962;Rajčianska 3, 82107 Bratislava
info@zsbiskupicka.sk;31748201;Základná škola, Biskupická 21, Bratislava;Základná škola;245 644 714;Biskupická 21, 82106 Bratislava
zsbenovskeho@gmail.com;36071048;Základná škola, Beňovského 1, Bratislava;Základná škola;264 365 900;Beňovského 1, 84101 Bratislava
sekretariat@zsmatkyalexie.eu;17318858;Základná škola, Palackého 1, Bratislava;Základná škola;254 433 741;Palackého 1, 81102 Bratislava
zsostredkova@zsostredkova.sk;31780822;Základná škola, Ostredková 14, Bratislava;Základná škola;243 415 376;Ostredková 14, 82102 Bratislava
skola.vetvar@gmail.com;31748198;Základná škola, Vetvárska 7, Bratislava;Základná škola;245 248 667;Vetvárska 7, 82106 Bratislava
zsholicska@zsholicka.sk;31780491;Základná škola, Holíčska 50, Bratislava;Základná škola;263 810 206;Holíčska 50, 85105 Bratislava
skola@zskuliskova.sk;31780792;Základná škola, Kulíškova 8, Bratislava;Základná škola;911 972 775;Kulíškova 8, 82108 Bratislava
zsbudatinska@gmail.com;31781977;Základná škola, Budatínska 61, Bratislava;Základná škola;263 531 173;Budatínska 61, 85106 Bratislava
info@skolalamac.sk;42170915;Základná škola, Malokarpatské námestie 1, Bratislava;Základná škola;264 780 640;Malokarpatské námestie 1, 84103 Bratislava
zsmierova.ba@gmail.com;31780750;Základná škola, Mierová 46, Bratislava;Základná škola;243 292 180;Mierová 46, 82105 Bratislava
zsdudova@zsdudovaba.edu.sk;31780547;Základná škola, Dudova 2, Bratislava;Základná škola;263 820 909;Dudova 2, 85102 Bratislava
info@zsmedzilaba.eu;31780776;Základná škola, Medzilaborecká 11, Bratislava;Základná škola;243 631 103;Medzilaborecká 11, 82101 Bratislava
zsgessayova@gmail.com;31771475;Základná škola, Gessayova 2, Bratislava;Základná škola;262 525 421;Gessayova 2, 85103 Bratislava
heldova@zspodzaba.sk;31745041;Základná škola, Podzáhradná 51, Bratislava;Základná škola;245 243 151;Podzáhradná 51, 82107 Bratislava
funiversity@funiversity.sk;35941618;Základná škola, Gajova 21, Bratislava;Základná škola;904 942 750;Gajova 21, 81109 Bratislava
zs@nejedleho.sk;36060976;Základná škola, Nejedlého 8, Bratislava;Základná škola;264 530 006;Nejedlého 8, 84102 Bratislava
school@cambridgeschool.eu;35807181;Základná škola, Úprkova 3, Bratislava;Základná škola;220 720 679;Úprkova 3, 81104 Bratislava
zshlboka.ba@gmail.com;31810934;Základná škola, Hlboká cesta 4, Bratislava;Základná škola;265 498 776;Hlboká cesta 4, 81104 Bratislava
tajomnik@narnia.sk;30809193;Základná škola, Beňadická 38, Bratislava;Základná škola;232 111 555;Beňadická 38, 85101 Bratislava
tajomnicka.nobelba@gmail.com;31754953;Základná škola, Nobelovo nám. 6, Bratislava;Základná škola;263 451 333;Nobelovo nám. 6, 85101 Bratislava
riaditelka@zsmsursule.sk;50429256;Základná škola, Nedbalova 4, Bratislava;Základná škola;254 432 778;Nedbalova 4, 81101 Bratislava
info@deutscheschule.sk;36076082;Základná škola, Palisády 51, Bratislava;Základná škola;220 422 810;Palisády 51, 81106 Bratislava
riaditel@zstuba.edu.sk;31771424;Základná škola, Turnianska 10, Bratislava;Základná škola;263 828 826;Turnianska 10, 85107 Bratislava
vedenie@zstbiliska.sk;31768849;Základná škola, Tbiliská 4, Bratislava;Základná škola;244 887 971;Tbiliská 4, 83106 Bratislava
zsrd@zsrd.sk;31748180;Základná škola, Ružová dolina 29, Bratislava;Základná škola;253 413 278;Ružová dolina 29, 82109 Bratislava
riaditelstvo@zsprokofievova.petrzalka.sk;31754911;Základná škola, Prokofievova 1, Bratislava;Základná škola;947 487 911;Prokofievova 1, 85101 Bratislava
riaditelka@tilgnerka.edu.sk;31750214;Základná škola, Tilgnerova 14, Bratislava;Základná škola;265 422 545;Tilgnerova 14, 84105 Bratislava
bukovcana3@gmail.com;31780865;Základná škola, Ivana Bukovčana 3, Bratislava;Základná škola;264 778 338;Ivana Bukovčana 3, 84108 Bratislava
gunisova@gjh.sk;36075213;Základná škola, Novohradská 3, Bratislava;Základná škola;221 028 301;Novohradská 3, 82109 Bratislava
skola@mudronka.sk;36064092;Základná škola, Mudroňova 83, Bratislava;Základná škola;262 802 050;Mudroňova 83, 81103 Bratislava
secretariat@efib.sk;30846510;Základná škola, Marie Curie-Sklodowskej 1, Bratislava;Základná škola;905 944 663;Marie Curie-Sklodowskej 1, 85104 Bratislava
info@zs-tupolevova.sk;31754961;Základná škola, Tupolevova 20, Bratislava;Základná škola;263 532 260;Tupolevova 20, 85101 Bratislava
zsceska@zsceska.sk;31780539;Základná škola, Česká 10, Bratislava;Základná škola;244 372 631;Česká 10, 83103 Bratislava
skola@zscerba.edu.sk;31754929;Základná škola, Černyševského 8, Bratislava;Základná škola;262 243 854;Černyševského 8, 85101 Bratislava
zsdubova1ba@gmail.com;31810926;Základná škola, Dubová 1, Bratislava;Základná škola;254 771 703;Dubová 1, 81104 Bratislava
skolahorova@mail.t-com.sk;36067334;Základná škola, Pavla Horova 16, Bratislava;Základná škola;264 538 463;Pavla Horova 16, 84009 Bratislava
zsjanapavla@gmail.com;42263352;Základná škola, Osloboditeľská 27, Bratislava;Základná škola;243 712 323;Osloboditeľská 27, 83107 Bratislava
zsnevadzova2@centrum.sk;30810647;Základná škola, Nevädzová 2, Bratislava;Základná škola;243 293 165;Nevädzová 2, 82101 Bratislava
